연번,시설명,용량(kW),전체 평균 PR (공식),경제성 (회수기간),도시 기여도 (자립률),최종 종합 유형,도시 관리적 조치 방안,운영유형,설치년도,예상폐패널수(장),예상중량(kg),예상중량(ton),위도,경도
1,능동공영주차장,27,주의 (63.7%),우수 (9.7년),"초과 (1,034.8%)",Type A (잉여·공유형),인근 능동주민센터·경로당 전력 공유 및 EV 충전 연계 (최근 출력 저하 점검 병행),Type A (잉여·공유형),2018,0.0,0.0,0.0,37.55418,127.08051
2,긴고랑계곡화장실,10,주의 (61.8%),보통 (10.5년),초과 (121.9%),Type A (잉여·공유형),등산로 스마트 음수대(UV 살균) 및 보안등 자립 전원 직결,Type A (잉여·공유형),2019,0.0,0.0,0.0,37.56091,127.09881
3,자양공공힐링센터,31,정상 (76.8%),우수 (8.2년),적정 (13.8%),Type B (정상·모범형),설비·경제·기여도 모두 표준을 만족하는 관내 대표 모범 설비,Type B (정상·모범형),2017,0.0,0.0,0.0,37.53922,127.06881
4,중곡1동제2경로당,3,정상 (86.4%),우수 (7.9년),적정 (10.1%),Type B (정상·모범형),"15년 경과에도 PR 86% 초고효율 유지, 25년 이상 내구연한 연장 관리",Type B (정상·모범형),2009,0.0,0.0,0.0,37.56012,127.08511
5,자양3동주민센터,15,정상 (77.9%),우수 (8.6년),적정 (10.0%),Type B (정상·모범형),"기술·경제·기여도 기준선 충족군, 현 상태 유지 및 정기 모니터링",Type B (정상·모범형),2015,0.0,0.0,0.0,37.53012,127.07012
6,중앙어린이집,5,정상 (86.5%),우수 (7.8년),미흡 (5.8%),Type C (용량 부족형),관내 최고 PR(86.5%)이나 소비량 커 자립률 부족 → 고효율 리파워링,Type C (용량 부족형),2012,15.0,366.5,0.366,37.53697,127.08432
7,화양동주민센터,10,정상 (85.0%),우수 (7.9년),미흡 (3.0%),Type C (용량 부족형),기계는 정상 가동 중이나 청사 전력 소비 커 자립률 부족 → 증설 검토,Type C (용량 부족형),2016,30.0,733.0,0.733,37.54589,127.07095
8,중곡동다목적체육센터,13,정상 (84.2%),우수 (8.1년),미흡 (1.3%),Type C (용량 부족형),설비 건전성은 최상급이나 자립률 1.3% → 대용량 리파워링 & 모듈 재배치,Type C (용량 부족형),2014,39.0,952.9,0.953,37.57218,127.08638
9,자양4빗물펌프장,10,정상 (81.7%),우수 (7.9년),미흡 (8.1%),Type C (용량 부족형),"펌프장 부하 대비 기여율 미미, 기존 패널 다운사이클링 연계",Type C (용량 부족형),2013,30.0,733.0,0.733,37.53281,127.06584
10,중곡4동주민센터,20,정상 (76.4%),우수 (8.8년),미흡 (8.9%),Type C (용량 부족형),"정상 운영군이나 자립률 10% 소폭 미달, 청사 부하 절감 대책 병행",Type C (용량 부족형),2018,60.0,1466.0,1.466,37.55831,127.09012
11,중곡1동어린이집,5,정상 (73.0%),우수 (9.1년),미흡 (8.2%),Type C (용량 부족형),"16년 경과에도 정상 범위 유지, 부하 대비 용량 작음",Type C (용량 부족형),2010,15.0,443.5,0.444,37.56491,127.08272
12,자양종합사회복지관,9,주의 (64.9%),우수 (9.5년),미흡 (2.1%),Type D (고장·폐기형),48개월 평균은 주의(64.9%)이나 2024년 정상 회복(87.6%) → 지속 모니터링,Type D (고장·폐기형),2011,27.0,659.7,0.66,37.53092,127.07721
13,광장제1경로당,3,주의 (60.2%),보통 (10.3년),적정 (18.0%),Type D (고장·폐기형),자립률은 높으나 PR 60%로 저조 → 모듈 표면 오염 세척 및 점검,Type D (고장·폐기형),2012,9.0,219.9,0.22,37.54712,127.10212
14,능동경로당,5,주의 (50.0%),보통 (11.9년),적정 (14.9%),Type D (고장·폐기형),2010년 설비 노후화 진행 → 점검 후 인근 능동주차장 잉여 전력 연계,Type D (고장·폐기형),2010,15.0,443.5,0.444,37.5539,127.08182
15,광장제2경로당,3,주의 (49.7%),보통 (12.4년),적정 (11.0%),Type D (고장·폐기형),2021년 신축임에도 PR 49.7% 저조 → 주변 건물 음영 차폐 원인 점검,Type D (고장·폐기형),2021,9.0,219.9,0.22,37.54891,127.10451
16,중곡종합사회복지관,5,주의 (44.9%),미흡 (15.2년),미흡 (1.2%),Type D (고장·폐기형),2009년 설치 노후화 심화 → 조기 퇴역 판정 및 폐패널 수거 거점 운송,Type D (고장·폐기형),2009,15.0,443.5,0.444,37.56832,127.08845
17,능동주민센터,5,주의 (41.5%),보통 (13.6년),미흡 (2.2%),Type D (고장·폐기형),발전 효율 장기 저조군 → 인근 능동주차장 전력 공유 전환 또는 철거,Type D (고장·폐기형),2013,15.0,366.5,0.366,37.55418,127.08051
18,구의1동주민센터,32,주의 (35.8%),미흡 (17.9년),미흡 (4.5%),Type D (고장·폐기형),"4,169만 원 대형 설비 가동 중단 방치 → 조기 철거·수거 1순위 타겟",Type D (고장·폐기형),2015,96.0,2345.6,2.346,37.54391,127.08691
